<?xml version="1.0" encoding="utf-8"?>
<extension type="component" version="3.1" method="upgrade">
	<name>com_tags</name>
	<author>Joomla! Project</author>
	<creationDate>December 2013</creationDate>
	<copyright>(C) 2005 - 2020 Open Source Matters. All rights reserved.</copyright>
	<license>GNU General Public License version 2 or later; see LICENSE.txt</license>
	<authorEmail>admin@joomla.org</authorEmail>
	<authorUrl>www.joomla.org</authorUrl>
	<version>3.1.0</version>
	<description>COM_TAGS_XML_DESCRIPTION</description>

	<files folder="site">
		<filename>controller.php</filename>
		<filename>metadata.xml</filename>
		<filename>newsfeeds.php</filename>
		<filename>router.php</filename>
		<folder>helpers</folder>
		<folder>models</folder>
		<folder>views</folder>
	</files>
	<languages folder="site">
		<language tag="en-GB">language/en-GB.com_tags.ini</language>
	</languages>
	<administration>
		<files folder="admin">
			<filename>tags.php</filename>
			<filename>config.xml</filename>
			<filename>controller.php</filename>
			<folder>controllers</folder>
			<folder>helpers</folder>
			<folder>models</folder>
			<folder>views</folder>
		</files>
		<languages folder="admin">
			<language tag="en-GB">language/en-GB.com_tags.ini</language>
			<language tag="en-GB">language/en-GB.com_tags.sys.ini</language>
		</languages>
		<menu link="option=com_tags" img="class:tags">com_tags</menu>

	</administration>
</extension>
