<?xml version="1.0" encoding="UTF-8" ?>
<extension type="package" method="upgrade">
	<name>AG</name>
	<packagename>ag</packagename>
	<creationDate>18 Feb 2021</creationDate>
	<packager>Astrid Günther</packager>
	<copyright>(C) 2015 Astrid Günther. All rights reserved.</copyright>
	<packageremail>info@astrid-guenther.de</packageremail>
	<packagerurl>www.astrid-guenther.de</packagerurl>
	<author>Astrid Günther</author>
	<authorEmail>info@astrid-guenther.de</authorEmail>
	<authorUrl>www.astrid-guenther.de</authorUrl>
	<version>1.0</version>
	<license>GNU General Public License version 2 or later; see LICENSE.txt</license>
	<description>PKG_AG_XML_DESCRIPTION</description>
	<scriptfile>script.php</scriptfile>
	<files>
		<!-- The id for each extension is the element stored in the DB -->
		<file type="component" id="com_agmaps">com_agmaps.zip</file>
		<!-- <file type="module" id="mod_agmap" client="site">mod_agmap.zip</file>
		<file type="plugin" id="plg_webservices_agmaps" group="webservices">plg_webservices_agmaps.zip</file>
		<file type="template" id="tpl_facile" client="site">tpl_facile.zip</file>-->
	</files>
	<updateservers>
		<server type="extension" name="Agmap Updates">https://raw.githubusercontent.com/astridx/boilerplate/tutorial/agmap_update.xml</server>
	</updateservers>
	<dlid prefix="dlid=" suffix="" />
</extension>
