<?xml version="1.0" encoding="UTF-8" ?>
<extension type="package" version="1.0" method="upgrade">
	<name>pkg_agosms</name>
	<packagename>agosms</packagename>
	<creationDate>17 Feb 2021</creationDate>
	<packager>Astrid Günther</packager>
	<copyright>(C) Astrid Günther. All rights reserved.</copyright>
	<packageremail>info@astrid-guenther.de</packageremail>
	<packagerurl>www.astrid-guenther.de</packagerurl>
	<author>Astrid Günther</author>
	<authorEmail>info@astrid-guenther.de</authorEmail>
	<authorUrl>www.astrid-guenther.de</authorUrl>
	<version>1.0</version>
	<license>GNU General Public License version 2 or later; see LICENSE.txt</license>
	<description>PKG_AGOSM_XML_DESCRIPTION</description>
	<scriptfile>script.php</scriptfile>
	<files>
		<!-- The id for each extension is the element stored in the DB -->
		<file type="component" id="com_agosms">com_agosms.zip</file>
		<file type="module" id="mod_agosm" client="site">mod_agosm.zip</file>
		<file type="module" id="mod_agosms_search" client="site">mod_agosms_search.zip</file>
		<file type="plugin" id="plg_system_agosmssearch" group="system">plg_system_agosmssearch.zip</file>
		<file type="plugin" id="plg_fields_agosmsmarker" group="fields">plg_fields_agosmsmarker.zip</file>
		<file type="plugin" id="plg_fields_agosmsaddressmarker" group="fields">plg_fields_agosmsaddressmarker.zip</file>
</files>
	<languages folder="administrator/language">
		##BACKEND_LANGUAGE_FILES##
	</languages>
	<updateservers>
		<server type="extension" name="Agosm Update Site">https://raw.githubusercontent.com/astridx/pkg_agosms/master/agosms-update.xml</server>
	</updateservers>
</extension>
