<?xml version="1.0" encoding="UTF-8" ?>
<extension type="package" method="upgrade">
	<name>Aktualisiert für J310 und J4</name>
	<packagename>testuptodatepackage</packagename>
	<creationDate>18 Feb 2021</creationDate>
	<packager>Astrid Günther</packager>
	<copyright>(C) Astrid Günther. All rights reserved.</copyright>
	<packageremail>info@astrid-guenther.de</packageremail>
	<packagerurl>www.astrid-guenther.de</packagerurl>
	<author>Astrid Günther</author>
	<authorEmail>info@astrid-guenther.de</authorEmail>
	<authorUrl>www.astrid-guenther.de</authorUrl>
	<version>1.0</version>
	<license>GNU General Public License version 2 or later; see LICENSE.txt</license>
	<description>Aktualisiert für J310 und J4</description>
	<files>
		<file type="component" id="com_testuptodatecomponent">com_testuptodatecomponent.zip</file>
	</files>

	<updateservers>
		<server type="extension" name="Aktualisiert für J310 und J4">https://github.com/astridx/testextensions/testuptodateupdate.xml</server>
	</updateservers>

</extension>
